timestamp,current_price,pred_high,pred_low,pred_close,pred_high_change_%,pred_low_change_%,pred_close_change_%,pred_range,pred_range_%,signal,confidence,rsi,atr,trend,order_opened,order_id,entry_price,exit_price,pnl_usd,pnl_%,close_reason,actual_high,actual_low,actual_close,pred_accuracy_%
2025-12-23 21:31:43.172844,0.3636,0.3666999936103821,0.36399999260902405,0.3653999865055084,0.85,0.1,0.49,0.0027000000700354576,0.75,HOLD,50.0,48.7,0.0033,SIDEWAYS,NO,,,,,,,,,,
2025-12-23 21:37:07.638915,0.3634,0.3666999936103821,0.36399999260902405,0.3653999865055084,0.91,0.16,0.55,0.0027000000700354576,0.75,HOLD,50.0,48.3,0.0033,SIDEWAYS,NO,,,,,,,,,,
2025-12-23 21:48:45.422807,0.3633,0.3666999936103821,0.36399999260902405,0.3653999865055084,0.93,0.18,0.57,0.0027000000700354576,0.75,HOLD,50.0,48.2,0.0033,SIDEWAYS,NO,,,,,,,,,,
2025-12-23 21:59:47.420855,0.3635,0.3666999936103821,0.36399999260902405,0.3653999865055084,0.9,0.15,0.54,0.0027000000700354576,0.75,HOLD,50.0,48.4,0.0033,SIDEWAYS,NO,,,,,,,,,,
2025-12-23 22:29:32.294604,0.3624,0.3668000102043152,0.36410000920295715,0.36550000309944153,1.23,0.48,0.87,0.0027000000700354576,0.75,HOLD,50.0,47.9,0.0033,SIDEWAYS,NO,,,,,,,,,,
2025-12-23 22:47:13.779638,0.362,0.3668000102043152,0.36410000920295715,0.36550000309944153,1.31,0.56,0.95,0.0027000000700354576,0.75,HOLD,50.0,47.5,0.0034,SIDEWAYS,NO,,,,,,,,,,
2025-12-23 22:58:11.664826,0.3618,0.3668000102043152,0.36410000920295715,0.36550000309944153,1.38,0.63,1.02,0.0027000000700354576,0.75,BUY,70.2,47.2,0.0034,SIDEWAYS,NO,,,,,,,,,,
2025-12-23 23:24:59.028303,0.3615,0.3666999936103821,0.36399999260902405,0.3653999865055084,1.43,0.68,1.08,0.0027000000700354576,0.75,BUY,70.8,46.1,0.0033,SIDEWAYS,NO,,,,,,,,,,
2025-12-23 23:40:30.877274,0.3632,0.3668000102043152,0.36410000920295715,0.36550000309944153,1.0,0.25,0.64,0.0027000000700354576,0.75,HOLD,50.0,48.5,0.0034,SIDEWAYS,NO,,,,,,,,,,
2025-12-23 23:52:04.903620,0.3633,0.3668000102043152,0.36410000920295715,0.36550000309944153,0.97,0.23,0.62,0.0027000000700354576,0.75,HOLD,50.0,48.7,0.0034,SIDEWAYS,NO,,,,,,,,,,
2025-12-24 00:48:33.081910,0.3628,0.3666999936103821,0.36399999260902405,0.3653999865055084,1.08,0.33,0.73,0.0027000000700354576,0.75,HOLD,50.0,45.0,0.0032,SIDEWAYS,NO,,,,,,,,,,
2025-12-24 02:33:23.436955,0.3597,0.36660000681877136,0.36390000581741333,0.3652999997138977,1.9,1.15,1.54,0.0027000000700354576,0.75,BUY,75.4,42.1,0.0032,SIDEWAYS,NO,,,,,,,,,,
2025-12-24 04:05:47.751264,0.3599,0.39480000734329224,0.3921000063419342,0.3935000002384186,9.69,8.92,9.33,0.00279999990016222,0.77,BUY,90.0,56.8,0.0029,SIDEWAYS,NO,,,,,,,,,,
2025-12-24 04:49:15.438419,0.3589,0.39480000734329224,0.3919999897480011,0.3935000002384186,10.0,9.23,9.63,0.00279999990016222,0.77,BUY,90.0,54.7,0.003,SIDEWAYS,NO,,,,,,,,,,
2025-12-24 05:17:46.602922,0.3575,0.39430001378059387,0.39149999618530273,0.3930000066757202,10.29,9.51,9.92,0.00279999990016222,0.77,BUY,90.0,43.6,0.0027,SIDEWAYS,NO,,,,,,,,,,
2025-12-24 05:41:19.320595,0.3565,0.39419999718666077,0.39149999618530273,0.3928999900817871,10.57,9.79,10.2,0.00279999990016222,0.78,BUY,90.0,42.0,0.0028,SIDEWAYS,NO,,,,,,,,,,
2025-12-24 05:46:39.056750,0.3563,0.39419999718666077,0.39149999618530273,0.3928999900817871,10.63,9.85,10.26,0.00279999990016222,0.78,BUY,90.0,41.7,0.0028,SIDEWAYS,NO,,,,,,,,,,
2025-12-24 05:55:36.904295,0.3568,0.39419999718666077,0.39149999618530273,0.3928999900817871,10.48,9.7,10.11,0.00279999990016222,0.78,BUY,90.0,42.5,0.0028,SIDEWAYS,NO,,,,,,,,,,
2025-12-24 06:05:30.198754,0.3554,0.3935000002384186,0.39079999923706055,0.3921999931335449,10.72,9.95,10.36,0.00279999990016222,0.78,BUY,90.0,30.8,0.0026,SIDEWAYS,NO,,,,,,,,,,
2025-12-24 06:20:11.896844,0.3548,0.3935000002384186,0.39079999923706055,0.3921999931335449,10.92,10.14,10.55,0.00279999990016222,0.78,BUY,100.0,29.9,0.0027,SIDEWAYS,NO,,,,,,,,,,
2025-12-24 06:36:17.452407,0.3561,0.3935999870300293,0.39079999923706055,0.392300009727478,10.53,9.75,10.16,0.00279999990016222,0.78,BUY,90.0,31.8,0.0027,SIDEWAYS,NO,,,,,,,,,,
2025-12-24 06:50:40.769607,0.3567,0.3935999870300293,0.39079999923706055,0.392300009727478,10.34,9.57,9.98,0.00279999990016222,0.77,BUY,90.0,33.7,0.0027,SIDEWAYS,NO,,,,,,,,,,
2025-12-24 06:55:34.186991,0.357,0.3935999870300293,0.39079999923706055,0.392300009727478,10.26,9.49,9.9,0.00279999990016222,0.77,BUY,90.0,34.4,0.0027,SIDEWAYS,NO,,,,,,,,,,
2025-12-24 07:17:15.600777,0.357,0.39309999346733093,0.3903000056743622,0.3917999863624573,10.11,9.34,9.74,0.00279999990016222,0.77,BUY,90.0,39.8,0.0025,SIDEWAYS,NO,,,,,,,,,,
2025-12-24 07:43:10.859957,0.3573,0.39309999346733093,0.3903000056743622,0.3917999863624573,10.01,9.24,9.65,0.00279999990016222,0.77,BUY,90.0,40.7,0.0025,SIDEWAYS,NO,,,,,,,,,,
2025-12-24 07:52:45.974849,0.3573,0.39309999346733093,0.3903000056743622,0.3917999863624573,10.0,9.23,9.64,0.00279999990016222,0.77,BUY,90.0,40.9,0.0025,SIDEWAYS,NO,,,,,,,,,,
2025-12-24 08:03:19.029587,0.3567,0.3926999866962433,0.38989999890327454,0.391400009393692,10.09,9.32,9.73,0.00279999990016222,0.77,BUY,90.0,30.1,0.0023,SIDEWAYS,NO,,,,,,,,,,
2025-12-24 08:17:23.466945,0.3562,0.3926999866962433,0.38989999890327454,0.391400009393692,10.24,9.47,9.88,0.00279999990016222,0.77,BUY,100.0,29.3,0.0023,SIDEWAYS,NO,,,,,,,,,,
2025-12-24 08:42:33.189117,0.3551,0.39259999990463257,0.38989999890327454,0.3912999927997589,10.56,9.79,10.19,0.00279999990016222,0.78,BUY,100.0,27.7,0.0024,SIDEWAYS,NO,,,,,,,,,,
2025-12-24 08:51:28.209102,0.3556,0.39259999990463257,0.38989999890327454,0.3912999927997589,10.41,9.63,10.04,0.00279999990016222,0.77,BUY,100.0,28.4,0.0024,SIDEWAYS,NO,,,,,,,,,,
2025-12-24 09:16:59.092451,0.3564,0.392300009727478,0.3894999921321869,0.39100000262260437,10.07,9.3,9.71,0.00279999990016222,0.77,BUY,90.0,36.6,0.0023,SIDEWAYS,NO,,,,,,,,,,
2025-12-24 10:22:26.981691,0.3561,0.38600000739097595,0.39430001378059387,0.38989999890327454,8.41,10.73,9.51,-0.008200000040233135,-2.32,BUY,82.5,25.2,0.002,SIDEWAYS,NO,,,,,,,,,,
2025-12-24 11:15:42.019759,0.3589,0.3919999897480011,0.38929998874664307,0.39070001244544983,9.24,8.47,8.88,0.0027000000700354576,0.77,BUY,90.0,36.8,0.0021,SIDEWAYS,NO,,,,,,,,,,
2025-12-24 11:32:04.890853,0.3586,0.3919999897480011,0.38929998874664307,0.39070001244544983,9.31,8.54,8.95,0.0027000000700354576,0.77,BUY,90.0,36.0,0.0021,SIDEWAYS,NO,,,,,,,,,,
2025-12-24 11:42:18.726510,0.3586,0.3919999897480011,0.38929998874664307,0.39070001244544983,9.32,8.55,8.96,0.0027000000700354576,0.77,BUY,90.0,35.8,0.0021,SIDEWAYS,NO,,,,,,,,,,
2025-12-24 11:48:49.656255,0.3587,0.3919999897480011,0.38929998874664307,0.39070001244544983,9.28,8.51,8.92,0.0027000000700354576,0.77,BUY,90.0,36.4,0.0021,SIDEWAYS,NO,,,,,,,,,,
2025-12-24 11:54:43.511385,0.3585,0.3919999897480011,0.38929998874664307,0.39070001244544983,9.36,8.59,9.0,0.0027000000700354576,0.77,BUY,90.0,35.4,0.0021,SIDEWAYS,NO,,,,,,,,,,
2025-12-24 12:00:21.937305,0.3585,0.3919999897480011,0.38929998874664307,0.39070001244544983,9.33,8.57,8.97,0.0027000000700354576,0.77,BUY,90.0,35.7,0.0021,SIDEWAYS,NO,,,,,,,,,,
2025-12-24 12:37:36.134041,0.3582,0.3921000063419342,0.38940000534057617,0.39079999923706055,9.48,8.71,9.12,0.0027000000700354576,0.77,BUY,90.0,38.8,0.002,SIDEWAYS,NO,,,,,,,,,,
2025-12-24 13:12:42.778342,0.3583,0.392300009727478,0.38960000872612,0.39100000262260437,9.5,8.74,9.14,0.00279999990016222,0.77,BUY,90.0,34.6,0.0019,SIDEWAYS,NO,,,,,,,,,,
2025-12-24 13:44:02.804105,0.3569,0.392300009727478,0.3894999921321869,0.39100000262260437,9.92,9.15,9.55,0.00279999990016222,0.77,BUY,90.0,31.6,0.002,SIDEWAYS,NO,,,,,,,,,,
2025-12-24 13:54:54.129799,0.3569,0.392300009727478,0.3894999921321869,0.39100000262260437,9.91,9.14,9.54,0.00279999990016222,0.77,BUY,90.0,31.6,0.002,SIDEWAYS,NO,,,,,,,,,,
2025-12-24 14:00:27.468447,0.357,0.392300009727478,0.3894999921321869,0.39100000262260437,9.89,9.12,9.53,0.00279999990016222,0.77,BUY,90.0,31.7,0.002,SIDEWAYS,NO,,,,,,,,,,
2025-12-24 14:17:45.943440,0.358,0.39239999651908875,0.38960000872612,0.3910999894142151,9.61,8.84,9.25,0.00279999990016222,0.77,BUY,90.0,35.6,0.002,SIDEWAYS,NO,,,,,,,,,,
2025-12-24 14:21:43.758928,0.3577,0.39239999651908875,0.38960000872612,0.3910999894142151,9.69,8.92,9.33,0.00279999990016222,0.77,BUY,90.0,34.6,0.002,SIDEWAYS,NO,,,,,,,,,,
2025-12-24 14:37:17.765104,0.3561,0.3781999945640564,0.37059998512268066,0.37059998512268066,6.2,4.06,4.06,0.007600000128149986,2.14,BUY,97.0,30.0,0.0,NEUTRAL,NO,,,,,,,,,,
2025-12-24 14:37:23.014890,0.3561,0.392300009727478,0.38960000872612,0.39100000262260437,10.16,9.38,9.79,0.00279999990016222,0.77,BUY,90.0,30.0,0.0021,SIDEWAYS,NO,,,,,,,,,,
2025-12-24 14:49:08.955197,0.3565,0.3781999945640564,0.37059998512268066,0.37059998512268066,6.1,3.96,3.96,0.007600000128149986,2.14,BUY,97.0,30.6,0.0,NEUTRAL,NO,,,,,,,,,,
2025-12-24 14:49:13.955569,0.3565,0.392300009727478,0.3894999921321869,0.39100000262260437,10.05,9.28,9.69,0.00279999990016222,0.77,BUY,90.0,30.6,0.0022,SIDEWAYS,NO,,,,,,,,,,
2025-12-24 14:56:19.755527,0.3557,0.3781999945640564,0.37059998512268066,0.37059998512268066,6.31,4.17,4.17,0.007600000128149986,2.14,BUY,97.0,29.3,0.0,NEUTRAL,NO,,,,,,,,,,
2025-12-24 14:56:24.854602,0.3557,0.392300009727478,0.3894999921321869,0.39100000262260437,10.27,9.5,9.91,0.00279999990016222,0.77,BUY,100.0,29.3,0.0022,SIDEWAYS,NO,,,,,,,,,,
2025-12-24 15:01:27.265336,0.3542,0.3781999945640564,0.37059998512268066,0.37059998512268066,6.77,4.62,4.62,0.007600000128149986,2.15,BUY,97.0,26.9,0.0,NEUTRAL,NO,,,,,,,,,,
2025-12-24 15:01:32.660884,0.3542,0.3921999931335449,0.3894999921321869,0.39089998602867126,10.74,9.96,10.37,0.0027000000700354576,0.78,BUY,100.0,26.9,0.0022,SIDEWAYS,NO,,,,,,,,,,
2025-12-24 15:22:45.199481,0.3542,0.37790000438690186,0.3702999949455261,0.3702999949455261,6.71,4.55,4.55,0.007600000128149986,2.15,BUY,97.0,28.4,0.0,NEUTRAL,NO,,,,,,,,,,
2025-12-24 15:22:50.306745,0.3542,0.3919000029563904,0.38920000195503235,0.3905999958515167,10.66,9.88,10.29,0.0027000000700354576,0.78,BUY,100.0,28.4,0.0021,SIDEWAYS,NO,,,,,,,,,,
2025-12-24 15:39:03.396953,0.3553,0.3779999911785126,0.3702999949455261,0.3702999949455261,6.39,4.24,4.24,0.007600000128149986,2.15,BUY,97.0,32.4,0.0,NEUTRAL,NO,,,,,,,,,,
2025-12-24 15:39:07.879506,0.3553,0.3919999897480011,0.38920000195503235,0.39070001244544983,10.34,9.56,9.97,0.0027000000700354576,0.77,BUY,90.0,32.4,0.0022,SIDEWAYS,NO,,,,,,,,,,
2025-12-24 15:49:54.238830,0.356,0.3779999911785126,0.37040001153945923,0.37040001153945923,6.19,4.04,4.04,0.007600000128149986,2.14,BUY,97.0,34.8,0.0,NEUTRAL,NO,,,,,,,,,,
2025-12-24 15:49:58.970220,0.356,0.3919999897480011,0.38929998874664307,0.39070001244544983,10.13,9.36,9.76,0.0027000000700354576,0.77,BUY,90.0,34.8,0.0022,SIDEWAYS,NO,,,,,,,,,,
2025-12-24 15:56:25.211339,0.3553,0.3779999911785126,0.3702999949455261,0.3702999949455261,6.37,4.22,4.22,0.007600000128149986,2.15,BUY,97.0,32.7,0.0,NEUTRAL,NO,,,,,,,,,,
2025-12-24 15:56:30.163531,0.3553,0.3919999897480011,0.38929998874664307,0.39070001244544983,10.32,9.55,9.95,0.0027000000700354576,0.77,BUY,90.0,32.7,0.0022,SIDEWAYS,NO,,,,,,,,,,
2025-12-24 16:01:47.731668,0.3551,0.3779999911785126,0.3702999949455261,0.3702999949455261,6.45,4.3,4.3,0.007600000128149986,2.15,BUY,97.0,31.7,0.0,NEUTRAL,NO,,,,,,,,,,
2025-12-24 16:01:52.881097,0.355,0.3919999897480011,0.38920000195503235,0.39070001244544983,10.41,9.63,10.04,0.0027000000700354576,0.77,BUY,90.0,31.6,0.0022,SIDEWAYS,NO,,,,,,,,,,
2025-12-24 16:27:27.085304,0.3554,0.37770000100135803,0.3700999915599823,0.3700999915599823,6.28,4.13,4.13,0.007600000128149986,2.15,BUY,85.0,39.1,0.0,NEUTRAL,NO,,,,,,,,,,
2025-12-24 16:27:32.188452,0.3554,0.3917999863624573,0.3889999985694885,0.390500009059906,10.23,9.45,9.86,0.0027000000700354576,0.77,BUY,90.0,39.1,0.002,SIDEWAYS,NO,,,,,,,,,,
2025-12-24 16:47:12.006923,0.357,0.37779998779296875,0.3700999915599823,0.3700999915599823,5.82,3.67,3.67,0.007600000128149986,2.14,BUY,85.0,44.6,0.0,NEUTRAL,NO,,,,,,,,,,
2025-12-24 16:47:16.797643,0.357,0.3917999863624573,0.38909998536109924,0.390500009059906,9.75,8.98,9.39,0.0027000000700354576,0.77,BUY,90.0,44.6,0.0022,SIDEWAYS,NO,,,,,,,,,,
2025-12-24 16:57:36.848030,0.3565,0.37779998779296875,0.3700999915599823,0.3700999915599823,5.95,3.81,3.81,0.007600000128149986,2.14,BUY,85.0,43.0,0.0,NEUTRAL,NO,,,,,,,,,,
2025-12-24 16:57:41.595636,0.3565,0.3917999863624573,0.3889999985694885,0.390500009059906,9.89,9.12,9.53,0.0027000000700354576,0.77,BUY,90.0,43.0,0.0022,SIDEWAYS,NO,,,,,,,,,,
2025-12-24 17:11:08.559180,0.3567,0.3776000142097473,0.3698999881744385,0.3698999881744385,5.84,3.7,3.7,0.007699999958276749,2.14,BUY,85.0,40.6,0.0,NEUTRAL,NO,,,,,,,,,,
2025-12-24 17:11:13.745246,0.3567,0.39169999957084656,0.3889000117778778,0.3903999924659729,9.8,9.03,9.43,0.0027000000700354576,0.77,BUY,90.0,40.6,0.002,SIDEWAYS,NO,,,,,,,,,,
2025-12-24 17:31:42.011787,0.3561,0.3774999976158142,0.3698999881744385,0.3698999881744385,6.03,3.88,3.88,0.007699999958276749,2.15,BUY,85.0,38.3,0.0,NEUTRAL,NO,,,,,,,,,,
2025-12-24 17:31:47.205980,0.3561,0.39160001277923584,0.3889000117778778,0.3903000056743622,9.98,9.21,9.62,0.0027000000700354576,0.77,BUY,90.0,38.3,0.002,SIDEWAYS,NO,,,,,,,,,,
2025-12-24 17:43:06.350621,0.3566,0.3776000142097473,0.3698999881744385,0.3698999881744385,5.87,3.73,3.73,0.007699999958276749,2.15,BUY,85.0,40.3,0.0,NEUTRAL,NO,,,,,,,,,,
2025-12-24 17:43:11.977651,0.3566,0.39169999957084656,0.3889000117778778,0.3903999924659729,9.83,9.06,9.46,0.0027000000700354576,0.77,BUY,90.0,40.3,0.002,SIDEWAYS,NO,,,,,,,,,,
2025-12-24 17:49:39.522378,0.3558,0.3774999976158142,0.3698999881744385,0.3698999881744385,6.12,3.97,3.97,0.007699999958276749,2.15,BUY,85.0,37.2,0.0,NEUTRAL,NO,,,,,,,,,,
2025-12-24 17:49:44.590581,0.3558,0.39160001277923584,0.3889000117778778,0.3903000056743622,10.08,9.31,9.71,0.0027000000700354576,0.77,BUY,90.0,37.2,0.002,SIDEWAYS,NO,,,,,,,,,,
2025-12-24 17:55:35.767553,0.3555,0.3774999976158142,0.3698999881744385,0.3698999881744385,6.19,4.04,4.04,0.007699999958276749,2.15,BUY,85.0,36.6,0.0,NEUTRAL,NO,,,,,,,,,,
2025-12-24 17:55:40.672051,0.3555,0.39160001277923584,0.3889000117778778,0.3903000056743622,10.15,9.38,9.79,0.0027000000700354576,0.77,BUY,90.0,36.6,0.002,SIDEWAYS,NO,,,,,,,,,,
2025-12-24 18:01:05.565457,0.3552,0.3774999976158142,0.3698999881744385,0.3698999881744385,6.3,4.14,4.14,0.007699999958276749,2.15,BUY,85.0,35.8,0.0,NEUTRAL,NO,,,,,,,,,,
2025-12-24 18:01:10.528698,0.3552,0.39160001277923584,0.3889000117778778,0.3903000056743622,10.26,9.49,9.9,0.0027000000700354576,0.77,BUY,90.0,35.8,0.0021,SIDEWAYS,NO,,,,,,,,,,
2025-12-24 18:29:47.565378,0.3556,0.3772999942302704,0.36970001459121704,0.36970001459121704,6.1,3.95,3.95,0.007699999958276749,2.15,BUY,85.0,42.2,0.0,NEUTRAL,NO,,,,,,,,,,
2025-12-24 18:29:52.453168,0.3557,0.39149999618530273,0.388700008392334,0.3901999890804291,10.06,9.29,9.7,0.0027000000700354576,0.77,BUY,90.0,42.5,0.0019,SIDEWAYS,NO,,,,,,,,,,
2025-12-24 18:52:47.384352,0.3558,0.3772999942302704,0.36970001459121704,0.36970001459121704,6.04,3.89,3.89,0.007699999958276749,2.15,BUY,85.0,43.1,0.0,NEUTRAL,NO,,,,,,,,,,
2025-12-24 18:52:52.239427,0.3558,0.39149999618530273,0.388700008392334,0.3901999890804291,10.02,9.25,9.65,0.0027000000700354576,0.77,BUY,90.0,43.1,0.0019,SIDEWAYS,NO,,,,,,,,,,
2025-12-24 19:01:05.903377,0.3555,0.3772999942302704,0.36970001459121704,0.36970001459121704,6.13,3.97,3.97,0.007699999958276749,2.16,BUY,85.0,41.9,0.0,NEUTRAL,NO,,,,,,,,,,
2025-12-24 19:01:10.803344,0.3555,0.39149999618530273,0.388700008392334,0.3901999890804291,10.11,9.33,9.74,0.0027000000700354576,0.77,BUY,90.0,41.9,0.0019,SIDEWAYS,NO,,,,,,,,,,
2025-12-24 19:17:22.982831,0.3549,0.37709999084472656,0.3695000112056732,0.3695000112056732,6.27,4.11,4.11,0.007699999958276749,2.16,BUY,85.0,45.9,0.0,NEUTRAL,NO,,,,,,,,,,
2025-12-24 19:17:28.961694,0.3549,0.3912999927997589,0.3885999917984009,0.38999998569488525,10.28,9.5,9.91,0.0027000000700354576,0.77,BUY,90.0,45.9,0.0018,SIDEWAYS,NO,,,,,,,,,,
2025-12-24 19:29:30.288135,0.3547,0.37709999084472656,0.3695000112056732,0.3695000112056732,6.32,4.16,4.16,0.007699999958276749,2.16,BUY,85.0,45.4,0.0,NEUTRAL,NO,,,,,,,,,,
2025-12-24 19:29:35.367110,0.3547,0.3912999927997589,0.3885999917984009,0.38999998569488525,10.32,9.55,9.96,0.0027000000700354576,0.77,BUY,90.0,45.4,0.0018,SIDEWAYS,NO,,,,,,,,,,
2025-12-24 19:37:12.115566,0.3549,0.37709999084472656,0.3695000112056732,0.3695000112056732,6.25,4.09,4.09,0.007699999958276749,2.16,BUY,85.0,46.1,0.0,NEUTRAL,NO,,,,,,,,,,
2025-12-24 19:37:17.095476,0.3549,0.3912999927997589,0.3885999917984009,0.38999998569488525,10.26,9.48,9.89,0.0027000000700354576,0.77,BUY,90.0,46.1,0.0018,SIDEWAYS,NO,,,,,,,,,,
2025-12-24 19:44:51.495582,0.3554,0.37709999084472656,0.3695000112056732,0.3695000112056732,6.13,3.97,3.97,0.007699999958276749,2.16,BUY,85.0,47.7,0.0,NEUTRAL,NO,,,,,,,,,,
2025-12-24 19:44:56.842642,0.3554,0.391400009393692,0.3885999917984009,0.39010000228881836,10.13,9.35,9.76,0.0027000000700354576,0.77,BUY,90.0,47.7,0.0018,SIDEWAYS,NO,,,,,,,,,,
2025-12-24 19:50:28.274613,0.3556,0.37709999084472656,0.3695000112056732,0.3695000112056732,6.07,3.91,3.91,0.007699999958276749,2.16,BUY,85.0,48.4,0.0,NEUTRAL,NO,,,,,,,,,,
2025-12-24 19:50:33.313572,0.3556,0.391400009393692,0.3885999917984009,0.39010000228881836,10.07,9.29,9.7,0.0027000000700354576,0.77,BUY,90.0,48.4,0.0018,SIDEWAYS,NO,,,,,,,,,,
2025-12-24 19:55:47.322253,0.3559,0.37709999084472656,0.3695000112056732,0.3695000112056732,5.97,3.82,3.82,0.007699999958276749,2.16,BUY,85.0,49.7,0.0,NEUTRAL,NO,,,,,,,,,,
2025-12-24 19:55:52.298805,0.3559,0.391400009393692,0.3885999917984009,0.39010000228881836,9.98,9.21,9.61,0.0027000000700354576,0.77,BUY,90.0,49.6,0.0019,SIDEWAYS,NO,,,,,,,,,,
2025-12-24 20:01:16.279095,0.3558,0.37709999084472656,0.3695000112056732,0.3695000112056732,5.99,3.84,3.84,0.007699999958276749,2.16,BUY,85.0,49.4,0.0,NEUTRAL,NO,,,,,,,,,,
2025-12-24 20:01:21.091901,0.3558,0.391400009393692,0.3885999917984009,0.39010000228881836,9.99,9.22,9.63,0.0027000000700354576,0.77,BUY,90.0,49.4,0.0019,SIDEWAYS,NO,,,,,,,,,,
2025-12-24 20:23:11.338283,0.3566,0.37700000405311584,0.3693999946117401,0.3693999946117401,5.74,3.58,3.58,0.007699999958276749,2.15,BUY,85.0,49.9,0.0,NEUTRAL,NO,,,,,,,,,,
2025-12-24 20:23:16.601516,0.3566,0.391400009393692,0.3885999917984009,0.39010000228881836,9.75,8.98,9.39,0.0027000000700354576,0.77,BUY,95.0,49.9,0.0018,SIDEWAYS,NO,,,,,,,,,,
2025-12-24 20:40:47.499966,0.3562,0.37700000405311584,0.3693999946117401,0.3693999946117401,5.86,3.7,3.7,0.007699999958276749,2.16,BUY,85.0,48.3,0.0,NEUTRAL,NO,,,,,,,,,,
2025-12-24 20:40:52.613518,0.3562,0.391400009393692,0.3885999917984009,0.39010000228881836,9.88,9.11,9.52,0.0027000000700354576,0.77,BUY,90.0,48.3,0.0018,SIDEWAYS,NO,,,,,,,,,,
2025-12-24 20:50:48.920525,0.356,0.37700000405311584,0.3693999946117401,0.3693999946117401,5.91,3.76,3.76,0.007699999958276749,2.16,BUY,85.0,47.5,0.0,NEUTRAL,NO,,,,,,,,,,
2025-12-24 20:50:54.205842,0.356,0.391400009393692,0.3885999917984009,0.39010000228881836,9.94,9.17,9.58,0.0027000000700354576,0.77,BUY,90.0,47.4,0.0018,SIDEWAYS,NO,,,,,,,,,,
2025-12-24 20:57:13.927828,0.3554,0.37700000405311584,0.3693000078201294,0.3693000078201294,6.09,3.93,3.93,0.007699999958276749,2.16,BUY,85.0,45.3,0.0,NEUTRAL,NO,,,,,,,,,,
2025-12-24 20:57:18.954242,0.3554,0.3912999927997589,0.3885999917984009,0.38999998569488525,10.12,9.35,9.75,0.0027000000700354576,0.77,BUY,90.0,45.3,0.0018,SIDEWAYS,NO,,,,,,,,,,
2025-12-24 21:03:07.954391,0.355,0.37689998745918274,0.3691999912261963,0.3691999912261963,6.17,4.0,4.0,0.007699999958276749,2.16,BUY,85.0,43.4,0.0,NEUTRAL,NO,,,,,,,,,,
2025-12-24 21:03:12.960664,0.355,0.3912000060081482,0.38850000500679016,0.38989999890327454,10.21,9.44,9.85,0.0027000000700354576,0.77,BUY,90.0,43.4,0.0018,SIDEWAYS,NO,,,,,,,,,,
2025-12-24 21:23:30.251439,0.3553,0.37689998745918274,0.3691999912261963,0.3691999912261963,6.06,3.9,3.9,0.007699999958276749,2.16,BUY,85.0,44.9,0.0,NEUTRAL,NO,,,,,,,,,,
2025-12-24 21:23:35.553916,0.3553,0.3912999927997589,0.38850000500679016,0.38999998569488525,10.11,9.34,9.74,0.0027000000700354576,0.77,BUY,90.0,44.9,0.0018,SIDEWAYS,NO,,,,,,,,,,
2025-12-24 21:35:28.359324,0.3556,0.37689998745918274,0.3691999912261963,0.3691999912261963,5.97,3.81,3.81,0.007699999958276749,2.16,BUY,85.0,46.1,0.0,NEUTRAL,NO,,,,,,,,,,
2025-12-24 21:35:33.193393,0.3556,0.3912999927997589,0.38850000500679016,0.38999998569488525,10.02,9.25,9.65,0.0027000000700354576,0.77,BUY,90.0,46.1,0.0018,SIDEWAYS,NO,,,,,,,,,,
2025-12-24 21:45:00.500242,0.3562,0.37689998745918274,0.3691999912261963,0.3691999912261963,5.81,3.65,3.65,0.007699999958276749,2.16,BUY,85.0,48.2,0.0,NEUTRAL,NO,,,,,,,,,,
2025-12-24 21:45:05.703821,0.3562,0.3912999927997589,0.38850000500679016,0.38999998569488525,9.85,9.08,9.48,0.0027000000700354576,0.77,BUY,90.0,48.2,0.0019,SIDEWAYS,NO,,,,,,,,,,
2025-12-24 21:51:11.770790,0.3564,0.37689998745918274,0.3691999912261963,0.3691999912261963,5.76,3.6,3.6,0.007699999958276749,2.16,BUY,85.0,48.8,0.0,NEUTRAL,NO,,,,,,,,,,
2025-12-24 21:51:17.320532,0.3564,0.3912999927997589,0.3885999917984009,0.38999998569488525,9.79,9.03,9.43,0.0027000000700354576,0.77,BUY,90.0,48.8,0.0019,SIDEWAYS,NO,,,,,,,,,,
2025-12-24 21:56:54.939325,0.3561,0.37689998745918274,0.3691999912261963,0.3691999912261963,5.84,3.68,3.68,0.007699999958276749,2.16,BUY,85.0,47.8,0.0,NEUTRAL,NO,,,,,,,,,,
2025-12-24 21:56:59.805609,0.3561,0.3912999927997589,0.38850000500679016,0.38999998569488525,9.88,9.11,9.52,0.0027000000700354576,0.77,BUY,90.0,47.8,0.0019,SIDEWAYS,NO,,,,,,,,,,
2025-12-24 22:03:07.324922,0.356,0.376800000667572,0.36910000443458557,0.36910000443458557,5.85,3.69,3.69,0.007699999958276749,2.16,BUY,85.0,52.5,0.0,NEUTRAL,NO,,,,,,,,,,
2025-12-24 22:03:12.493679,0.356,0.3912999927997589,0.3885999917984009,0.38999998569488525,9.91,9.14,9.55,0.0027000000700354576,0.77,BUY,90.0,52.5,0.0018,SIDEWAYS,NO,,,,,,,,,,
2025-12-24 22:24:36.142414,0.3562,0.376800000667572,0.36910000443458557,0.36910000443458557,5.8,3.65,3.65,0.007699999958276749,2.16,BUY,85.0,53.0,0.0,NEUTRAL,NO,,,,,,,,,,
2025-12-24 22:24:41.228655,0.3562,0.3912999927997589,0.3885999917984009,0.38999998569488525,9.87,9.1,9.5,0.0027000000700354576,0.77,BUY,90.0,53.0,0.0018,SIDEWAYS,NO,,,,,,,,,,
2025-12-24 22:41:33.340996,0.3575,0.37689998745918274,0.3691999912261963,0.3691999912261963,5.41,3.26,3.26,0.007699999958276749,2.15,BUY,93.0,57.3,0.0,UP,NO,,,,,,,,,,
2025-12-24 22:41:38.170309,0.3575,0.391400009393692,0.3885999917984009,0.39010000228881836,9.47,8.7,9.11,0.0027000000700354576,0.77,BUY,90.0,57.3,0.0019,SIDEWAYS,NO,,,,,,,,,,
2025-12-24 22:51:11.817784,0.358,0.37689998745918274,0.3691999912261963,0.3691999912261963,5.28,3.14,3.14,0.007699999958276749,2.15,BUY,93.0,58.6,0.0,UP,NO,,,,,,,,,,
2025-12-24 22:51:16.718137,0.358,0.391400009393692,0.3885999917984009,0.39010000228881836,9.34,8.57,8.98,0.0027000000700354576,0.77,BUY,90.0,58.6,0.0019,SIDEWAYS,NO,,,,,,,,,,
2025-12-24 22:57:27.872017,0.3581,0.37689998745918274,0.3691999912261963,0.3691999912261963,5.23,3.08,3.08,0.007699999958276749,2.14,BUY,92.7,59.1,0.0,UP,NO,,,,,,,,,,
2025-12-24 22:57:32.978868,0.3581,0.391400009393692,0.3885999917984009,0.39010000228881836,9.28,8.52,8.92,0.0027000000700354576,0.77,BUY,90.0,59.1,0.0019,SIDEWAYS,NO,,,,,,,,,,
2025-12-24 23:12:03.618481,0.3568,0.37689998745918274,0.3693000078201294,0.3693000078201294,5.65,3.5,3.5,0.007699999958276749,2.15,BUY,85.0,53.2,0.0,NEUTRAL,NO,,,,,,,,,,
2025-12-24 23:12:09.346545,0.3568,0.39160001277923584,0.3887999951839447,0.3903000056743622,9.75,8.98,9.39,0.0027000000700354576,0.77,BUY,90.0,53.2,0.002,SIDEWAYS,NO,,,,,,,,,,
2025-12-24 23:30:51.679401,0.3565,0.37689998745918274,0.3693000078201294,0.3693000078201294,5.72,3.57,3.57,0.007699999958276749,2.15,BUY,85.0,52.4,0.0,NEUTRAL,NO,,,,,,,,,,
2025-12-24 23:30:56.548526,0.3564,0.39160001277923584,0.3887999951839447,0.3903000056743622,9.88,9.11,9.52,0.0027000000700354576,0.77,BUY,90.0,51.8,0.002,SIDEWAYS,NO,,,,,,,,,,
2025-12-24 23:41:33.805028,0.3563,0.37689998745918274,0.3693000078201294,0.3693000078201294,5.79,3.63,3.63,0.007699999958276749,2.15,BUY,85.0,51.7,0.0,NEUTRAL,NO,,,,,,,,,,
2025-12-24 23:41:38.763278,0.3563,0.39160001277923584,0.3887999951839447,0.3903000056743622,9.89,9.12,9.53,0.0027000000700354576,0.77,BUY,90.0,51.7,0.002,SIDEWAYS,NO,,,,,,,,,,
2025-12-24 23:48:53.109624,0.3563,0.37689998745918274,0.3693000078201294,0.3693000078201294,5.79,3.64,3.64,0.007699999958276749,2.15,BUY,85.0,51.6,0.0,NEUTRAL,NO,,,,,,,,,,
2025-12-24 23:48:58.036055,0.3563,0.39160001277923584,0.3887999951839447,0.3903000056743622,9.9,9.13,9.53,0.0027000000700354576,0.77,BUY,90.0,51.6,0.002,SIDEWAYS,NO,,,,,,,,,,
2025-12-24 23:54:34.506415,0.3563,0.37689998745918274,0.3693000078201294,0.3693000078201294,5.77,3.62,3.62,0.007699999958276749,2.15,BUY,85.0,51.8,0.0,NEUTRAL,NO,,,,,,,,,,
2025-12-24 23:54:39.855389,0.3563,0.39160001277923584,0.3887999951839447,0.3903000056743622,9.88,9.11,9.52,0.0027000000700354576,0.77,BUY,90.0,51.8,0.002,SIDEWAYS,NO,,,,,,,,,,
2025-12-24 23:59:46.737123,0.3564,0.37689998745918274,0.3693000078201294,0.3693000078201294,5.75,3.6,3.6,0.007699999958276749,2.15,BUY,85.0,52.0,0.0,NEUTRAL,NO,,,,,,,,,,
2025-12-24 23:59:51.651186,0.3564,0.39160001277923584,0.3887999951839447,0.3903000056743622,9.86,9.09,9.5,0.0027000000700354576,0.77,BUY,90.0,52.0,0.002,SIDEWAYS,NO,,,,,,,,,,
2025-12-25 01:16:25.433058,0.3559,0.37700000405311584,0.3693000078201294,0.3693000078201294,5.92,3.76,3.76,0.007699999958276749,2.16,BUY,85.0,41.9,0.0,NEUTRAL,NO,,,,,,,,,,
2025-12-25 01:16:30.850096,0.3559,0.39160001277923584,0.3887999951839447,0.3903000056743622,10.03,9.26,9.66,0.0027000000700354576,0.77,BUY,90.0,41.9,0.0019,SIDEWAYS,NO,,,,,,,,,,
2025-12-25 03:04:54.777007,0.3601,0.37709999084472656,0.3695000112056732,0.3695000112056732,4.74,2.61,2.61,0.007699999958276749,2.13,BUY,95.9,54.8,0.0,STRONG_UP,NO,,,,,,,,,,
2025-12-25 03:04:59.508874,0.3601,0.3919999897480011,0.38929998874664307,0.39070001244544983,8.87,8.11,8.51,0.0027000000700354576,0.76,BUY,90.0,54.8,0.002,SIDEWAYS,NO,,,,,,,,,,
2025-12-25 04:04:55.213497,0.3602,0.37770000100135803,0.3700999915599823,0.3700999915599823,4.85,2.73,2.73,0.007600000128149986,2.12,BUY,84.8,69.3,0.0,STRONG_UP,NO,,,,,,,,,,
2025-12-25 04:05:00.002350,0.3602,0.39259999990463257,0.38989999890327454,0.3912999927997589,8.99,8.23,8.63,0.00279999990016222,0.76,BUY,90.0,69.3,0.0019,SIDEWAYS,NO,,,,,,,,,,
2025-12-25 04:45:02.767881,0.3606,0.37770000100135803,0.3700999915599823,0.3700999915599823,4.75,2.64,2.64,0.007600000128149986,2.12,BUY,84.1,69.9,0.0,STRONG_UP,NO,,,,,,,,,,
2025-12-25 04:45:07.946759,0.3606,0.39259999990463257,0.38989999890327454,0.3912999927997589,8.9,8.14,8.54,0.00279999990016222,0.76,BUY,90.0,69.9,0.0019,SIDEWAYS,NO,,,,,,,,,,
2025-12-25 05:02:46.508151,0.3604,0.37770000100135803,0.3700999915599823,0.3700999915599823,4.79,2.67,2.67,0.007600000128149986,2.12,BUY,84.4,69.7,0.0,STRONG_UP,NO,,,,,,,,,,
2025-12-25 05:02:51.449248,0.3604,0.39259999990463257,0.38989999890327454,0.3912999927997589,8.94,8.17,8.57,0.00279999990016222,0.76,BUY,90.0,69.7,0.0019,SIDEWAYS,NO,,,,,,,,,,
2025-12-25 05:28:14.967397,0.3597,0.3781000077724457,0.37049999833106995,0.37049999833106995,5.11,3.0,3.0,0.007600000128149986,2.12,BUY,99.0,64.7,0.0,STRONG_UP,NO,,,,,,,,,,
2025-12-25 05:28:19.894464,0.3597,0.3930000066757202,0.3903000056743622,0.39169999957084656,9.27,8.51,8.91,0.00279999990016222,0.77,BUY,90.0,64.7,0.0018,SIDEWAYS,NO,,,,,,,,,,
2025-12-25 05:46:26.822594,0.3597,0.3781000077724457,0.37049999833106995,0.37049999833106995,5.12,3.0,3.0,0.007600000128149986,2.12,BUY,99.0,64.7,0.0,STRONG_UP,NO,,,,,,,,,,
2025-12-25 05:46:31.746254,0.3597,0.3930000066757202,0.3903000056743622,0.39169999957084656,9.27,8.51,8.91,0.00279999990016222,0.77,BUY,90.0,64.7,0.0018,SIDEWAYS,NO,,,,,,,,,,
2025-12-25 05:55:40.651544,0.3597,0.3781000077724457,0.37049999833106995,0.37049999833106995,5.1,2.98,2.98,0.007600000128149986,2.12,BUY,98.9,64.9,0.0,STRONG_UP,NO,,,,,,,,,,
2025-12-25 05:55:45.618315,0.3597,0.3930000066757202,0.3903000056743622,0.39169999957084656,9.26,8.49,8.89,0.00279999990016222,0.77,BUY,90.0,64.9,0.0018,SIDEWAYS,NO,,,,,,,,,,
2025-12-25 06:01:18.553367,0.3595,0.3781000077724457,0.37049999833106995,0.37049999833106995,5.16,3.04,3.04,0.007600000128149986,2.12,BUY,99.3,64.1,0.0,STRONG_UP,NO,,,,,,,,,,
2025-12-25 06:01:23.335877,0.3595,0.3930000066757202,0.3903000056743622,0.39169999957084656,9.32,8.55,8.96,0.00279999990016222,0.77,BUY,90.0,64.1,0.0018,SIDEWAYS,NO,,,,,,,,,,
2025-12-25 06:33:54.294907,0.36,0.3783999979496002,0.3707999885082245,0.3707999885082245,5.11,3.0,3.0,0.007600000128149986,2.11,BUY,99.0,63.4,0.0,STRONG_UP,NO,,,,,,,,,,
2025-12-25 06:33:59.332492,0.36,0.39329999685287476,0.3905999958515167,0.3919999897480011,9.25,8.48,8.88,0.00279999990016222,0.77,BUY,95.0,63.4,0.0017,SIDEWAYS,NO,,,,,,,,,,
2025-12-25 06:58:09.298227,0.3606,0.3783999979496002,0.3707999885082245,0.3707999885082245,4.96,2.85,2.85,0.007600000128149986,2.11,BUY,97.8,64.6,0.0,STRONG_UP,NO,,,,,,,,,,
2025-12-25 06:58:14.073716,0.3606,0.39329999685287476,0.3905999958515167,0.3919999897480011,9.09,8.33,8.73,0.00279999990016222,0.76,BUY,95.0,64.6,0.0017,SIDEWAYS,NO,,,,,,,,,,
2025-12-25 07:16:53.432623,0.3596,0.37880000472068787,0.37119999527931213,0.37119999527931213,5.33,3.23,3.23,0.007600000128149986,2.11,BUY,93.0,63.5,0.0,UP,NO,,,,,,,,,,
2025-12-25 07:16:58.522384,0.3596,0.3935999870300293,0.39079999923706055,0.392300009727478,9.45,8.68,9.09,0.00279999990016222,0.77,BUY,95.0,63.5,0.0017,SIDEWAYS,NO,,,,,,,,,,
2025-12-25 07:35:06.349037,0.3589,0.37880000472068787,0.37119999527931213,0.37119999527931213,5.53,3.42,3.42,0.007600000128149986,2.11,BUY,93.0,60.9,0.0,UP,NO,,,,,,,,,,
2025-12-25 07:35:11.350035,0.3589,0.3935000002384186,0.39079999923706055,0.3921999931335449,9.66,8.89,9.29,0.00279999990016222,0.77,BUY,95.0,60.9,0.0017,SIDEWAYS,NO,,,,,,,,,,
2025-12-25 07:45:56.394325,0.3587,0.37880000472068787,0.37119999527931213,0.37119999527931213,5.58,3.47,3.47,0.007600000128149986,2.11,BUY,85.0,60.3,0.0,NEUTRAL,NO,,,,,,,,,,
2025-12-25 07:46:01.600076,0.3587,0.3935000002384186,0.39079999923706055,0.3921999931335449,9.7,8.93,9.34,0.00279999990016222,0.77,BUY,95.0,60.3,0.0017,SIDEWAYS,NO,,,,,,,,,,
2025-12-25 07:52:20.206007,0.3588,0.37880000472068787,0.37119999527931213,0.37119999527931213,5.56,3.45,3.45,0.007600000128149986,2.11,BUY,85.0,60.5,0.0,NEUTRAL,NO,,,,,,,,,,
2025-12-25 07:52:25.667347,0.3588,0.3935000002384186,0.39079999923706055,0.3921999931335449,9.69,8.92,9.32,0.00279999990016222,0.77,BUY,95.0,60.5,0.0017,SIDEWAYS,NO,,,,,,,,,,
2025-12-25 07:58:00.560287,0.3589,0.37880000472068787,0.37119999527931213,0.37119999527931213,5.54,3.42,3.42,0.007600000128149986,2.11,BUY,93.0,60.8,0.0,UP,NO,,,,,,,,,,
2025-12-25 07:58:05.649822,0.3589,0.3935000002384186,0.39079999923706055,0.3921999931335449,9.66,8.89,9.29,0.00279999990016222,0.77,BUY,95.0,60.8,0.0017,SIDEWAYS,NO,,,,,,,,,,
2025-12-25 08:17:27.340916,0.3596,0.3790000081062317,0.37139999866485596,0.37139999866485596,5.39,3.28,3.28,0.007600000128149986,2.1,BUY,93.0,61.9,0.0,UP,NO,,,,,,,,,,
2025-12-25 08:17:32.182998,0.3596,0.3937000036239624,0.39089998602867126,0.392300009727478,9.46,8.69,9.1,0.00279999990016222,0.77,BUY,95.0,61.9,0.0017,SIDEWAYS,NO,,,,,,,,,,
2025-12-25 08:45:57.216418,0.3574,0.3790000081062317,0.37139999866485596,0.37139999866485596,6.04,3.92,3.92,0.007600000128149986,2.12,BUY,85.0,55.1,0.0,NEUTRAL,NO,,,,,,,,,,
2025-12-25 08:46:02.113237,0.3574,0.3935999870300293,0.39079999923706055,0.392300009727478,10.13,9.35,9.76,0.00279999990016222,0.77,BUY,90.0,55.1,0.0018,SIDEWAYS,NO,,,,,,,,,,
2025-12-25 08:59:28.472206,0.3575,0.3790000081062317,0.37139999866485596,0.37139999866485596,5.99,3.88,3.88,0.007600000128149986,2.12,BUY,85.0,55.6,0.0,NEUTRAL,NO,,,,,,,,,,
2025-12-25 08:59:33.450898,0.3575,0.3935999870300293,0.39079999923706055,0.392300009727478,10.08,9.31,9.71,0.00279999990016222,0.77,BUY,90.0,55.6,0.0018,SIDEWAYS,NO,,,,,,,,,,
2025-12-25 09:19:17.030262,0.3567,0.3790000081062317,0.3714999854564667,0.3714999854564667,6.26,4.14,4.14,0.007600000128149986,2.12,BUY,85.0,52.3,0.0,DOWN,NO,,,,,,,,,,
2025-12-25 09:19:21.758586,0.3567,0.39340001344680786,0.3905999958515167,0.3921000063419342,10.29,9.52,9.92,0.00279999990016222,0.77,BUY,90.0,52.3,0.0018,SIDEWAYS,NO,,,,,,,,,,
2025-12-25 09:39:38.142013,0.3565,0.3790000081062317,0.3714999854564667,0.3714999854564667,6.31,4.19,4.19,0.007600000128149986,2.12,BUY,85.0,51.8,0.0,DOWN,NO,,,,,,,,,,
2025-12-25 09:39:43.529014,0.3565,0.39340001344680786,0.3905999958515167,0.3921000063419342,10.34,9.57,9.98,0.00279999990016222,0.77,BUY,90.0,51.8,0.0019,SIDEWAYS,NO,,,,,,,,,,
2025-12-25 09:50:30.270316,0.3567,0.3790000081062317,0.3714999854564667,0.3714999854564667,6.26,4.14,4.14,0.007600000128149986,2.12,BUY,85.0,52.3,0.0,DOWN,NO,,,,,,,,,,
2025-12-25 09:50:35.504724,0.3567,0.39340001344680786,0.3905999958515167,0.3921000063419342,10.3,9.52,9.93,0.00279999990016222,0.77,BUY,90.0,52.2,0.0019,SIDEWAYS,NO,,,,,,,,,,
2025-12-25 09:56:07.783802,0.3567,0.3790000081062317,0.3714999854564667,0.3714999854564667,6.26,4.14,4.14,0.007600000128149986,2.12,BUY,85.0,52.3,0.0,DOWN,NO,,,,,,,,,,
2025-12-25 09:56:13.094440,0.3567,0.39340001344680786,0.3905999958515167,0.3921000063419342,10.29,9.51,9.92,0.00279999990016222,0.77,BUY,90.0,52.3,0.0019,SIDEWAYS,NO,,,,,,,,,,
2025-12-25 10:01:14.942285,0.3565,0.3790000081062317,0.3714999854564667,0.3714999854564667,6.31,4.18,4.18,0.007600000128149986,2.12,BUY,85.0,51.9,0.0,DOWN,NO,,,,,,,,,,
2025-12-25 10:01:19.967669,0.3565,0.39340001344680786,0.3905999958515167,0.3921000063419342,10.33,9.56,9.97,0.00279999990016222,0.77,BUY,90.0,51.9,0.0019,SIDEWAYS,NO,,,,,,,,,,
2025-12-25 10:22:28.614342,0.355,0.3788999915122986,0.37130001187324524,0.37130001187324524,6.74,4.61,4.61,0.007600000128149986,2.13,BUY,85.0,50.3,0.0,DOWN,NO,,,,,,,,,,
2025-12-25 10:22:33.550913,0.355,0.3930000066757202,0.3903000056743622,0.39169999957084656,10.72,9.94,10.35,0.00279999990016222,0.78,BUY,90.0,50.3,0.0018,SIDEWAYS,NO,,,,,,,,,,
2025-12-25 10:44:02.023064,0.3522,0.3788999915122986,0.37130001187324524,0.37130001187324524,7.58,5.43,5.43,0.007600000128149986,2.15,BUY,70.0,43.9,0.0,STRONG_DOWN,NO,,,,,,,,,,
2025-12-25 10:44:07.236008,0.3522,0.3928999900817871,0.39010000228881836,0.39160001277923584,11.56,10.78,11.19,0.00279999990016222,0.78,BUY,90.0,43.9,0.002,SIDEWAYS,NO,,,,,,,,,,
2025-12-25 10:54:26.763294,0.3505,0.37869998812675476,0.3711000084877014,0.3711000084877014,8.05,5.9,5.9,0.007600000128149986,2.16,BUY,70.0,40.8,0.0,STRONG_DOWN,NO,,,,,,,,,,
2025-12-25 10:54:31.628406,0.3505,0.3928000032901764,0.39010000228881836,0.39149999618530273,12.08,11.3,11.71,0.00279999990016222,0.79,BUY,90.0,40.8,0.0021,SIDEWAYS,NO,,,,,,,,,,
2025-12-25 11:00:24.182817,0.3505,0.37869998812675476,0.3711000084877014,0.3711000084877014,8.06,5.9,5.9,0.007600000128149986,2.16,BUY,70.0,40.8,0.0,STRONG_DOWN,NO,,,,,,,,,,
2025-12-25 11:00:29.596673,0.3505,0.3928000032901764,0.39010000228881836,0.39149999618530273,12.09,11.3,11.72,0.00279999990016222,0.79,BUY,90.0,40.8,0.0021,SIDEWAYS,NO,,,,,,,,,,
2025-12-25 11:17:12.977537,0.3505,0.3781999945640564,0.37059998512268066,0.37059998512268066,7.9,5.74,5.74,0.007600000128149986,2.16,BUY,70.0,38.0,0.0,STRONG_DOWN,NO,,,,,,,,,,
2025-12-25 11:17:18.255961,0.3505,0.3919000029563904,0.38920000195503235,0.3905999958515167,11.83,11.05,11.46,0.0027000000700354576,0.78,BUY,90.0,38.0,0.0021,SIDEWAYS,NO,,,,,,,,,,
2025-12-25 11:31:36.129718,0.3505,0.3781999945640564,0.37059998512268066,0.37059998512268066,7.9,5.74,5.74,0.007600000128149986,2.16,BUY,85.0,38.1,0.0,DOWN,NO,,,,,,,,,,
2025-12-25 11:31:41.161208,0.3505,0.3919000029563904,0.38920000195503235,0.3905999958515167,11.83,11.04,11.46,0.0027000000700354576,0.78,BUY,90.0,38.1,0.0021,SIDEWAYS,NO,,,,,,,,,,
2025-12-25 11:41:21.668286,0.351,0.3783000111579895,0.37070000171661377,0.37070000171661377,7.78,5.62,5.62,0.007600000128149986,2.16,BUY,85.0,39.3,0.0,DOWN,NO,,,,,,,,,,
2025-12-25 11:41:26.998173,0.351,0.3919999897480011,0.38920000195503235,0.39070001244544983,11.68,10.9,11.31,0.0027000000700354576,0.78,BUY,90.0,39.3,0.0021,SIDEWAYS,NO,,,,,,,,,,
2025-12-25 11:48:15.683916,0.351,0.3783000111579895,0.37070000171661377,0.37070000171661377,7.78,5.61,5.61,0.007600000128149986,2.16,BUY,85.0,39.4,0.0,DOWN,NO,,,,,,,,,,
2025-12-25 11:48:20.761305,0.351,0.3919999897480011,0.38920000195503235,0.39070001244544983,11.67,10.89,11.3,0.0027000000700354576,0.78,BUY,90.0,39.4,0.0021,SIDEWAYS,NO,,,,,,,,,,
2025-12-25 11:54:17.953122,0.3509,0.3783000111579895,0.37070000171661377,0.37070000171661377,7.81,5.65,5.65,0.007600000128149986,2.16,BUY,85.0,39.0,0.0,DOWN,NO,,,,,,,,,,
2025-12-25 11:54:23.075702,0.3509,0.3919999897480011,0.38920000195503235,0.39070001244544983,11.71,10.93,11.34,0.0027000000700354576,0.78,BUY,90.0,39.0,0.0021,SIDEWAYS,NO,,,,,,,,,,
2025-12-25 11:59:48.821183,0.3511,0.3783000111579895,0.37070000171661377,0.37070000171661377,7.76,5.59,5.59,0.007600000128149986,2.16,BUY,85.0,39.6,0.0,DOWN,NO,,,,,,,,,,
2025-12-25 11:59:54.290349,0.3511,0.3919999897480011,0.38920000195503235,0.39070001244544983,11.65,10.87,11.28,0.0027000000700354576,0.78,BUY,90.0,39.6,0.0021,SIDEWAYS,NO,,,,,,,,,,
2025-12-25 12:32:16.403925,0.3507,0.3774999976158142,0.3698999881744385,0.3698999881744385,7.66,5.48,5.48,0.007600000128149986,2.18,BUY,97.0,32.7,0.0,DOWN,NO,,,,,,,,,,
2025-12-25 12:32:21.487163,0.3507,0.3910999894142151,0.38830000162124634,0.3898000121116638,11.51,10.73,11.14,0.0027000000700354576,0.78,BUY,90.0,32.7,0.002,SIDEWAYS,NO,,,,,,,,,,
2025-12-25 13:10:23.751121,0.3514,0.37700000405311584,0.3693999946117401,0.3693999946117401,7.29,5.1,5.1,0.007699999958276749,2.19,BUY,85.0,37.5,0.0,NEUTRAL,NO,,,,,,,,,,
2025-12-25 13:10:28.839301,0.3514,0.3903000056743622,0.38760000467300415,0.3889999985694885,11.06,10.29,10.7,0.0027000000700354576,0.78,BUY,90.0,37.5,0.0019,SIDEWAYS,NO,,,,,,,,,,
2025-12-25 13:42:47.872324,0.3509,0.37689998745918274,0.3691999912261963,0.3691999912261963,7.41,5.22,5.22,0.007699999958276749,2.19,BUY,85.0,36.0,0.0,DOWN,NO,,,,,,,,,,
2025-12-25 13:42:53.515379,0.3509,0.3903000056743622,0.38760000467300415,0.3889999985694885,11.24,10.46,10.87,0.0027000000700354576,0.78,BUY,90.0,35.9,0.0019,SIDEWAYS,NO,,,,,,,,,,
2025-12-25 13:54:27.882383,0.3514,0.37700000405311584,0.3693999946117401,0.3693999946117401,7.29,5.1,5.1,0.007699999958276749,2.19,BUY,85.0,37.5,0.0,NEUTRAL,NO,,,,,,,,,,
2025-12-25 13:54:33.211680,0.3514,0.3903000056743622,0.38760000467300415,0.3889999985694885,11.06,10.28,10.69,0.0027000000700354576,0.78,BUY,90.0,37.5,0.002,SIDEWAYS,NO,,,,,,,,,,
2025-12-25 13:59:48.058774,0.3518,0.37700000405311584,0.3693999946117401,0.3693999946117401,7.17,4.99,4.99,0.007699999958276749,2.18,BUY,85.0,38.6,0.0,NEUTRAL,NO,,,,,,,,,,
2025-12-25 13:59:52.851973,0.3515,0.3903000056743622,0.38760000467300415,0.3889999985694885,11.04,10.26,10.67,0.0027000000700354576,0.78,BUY,90.0,37.7,0.002,SIDEWAYS,NO,,,,,,,,,,
2025-12-25 14:17:00.060912,0.3512,0.37630000710487366,0.3686000108718872,0.3686000108718872,7.13,4.93,4.93,0.007699999958276749,2.2,BUY,85.0,39.9,0.0,DOWN,NO,,,,,,,,,,
2025-12-25 14:17:05.282513,0.3512,0.3898000121116638,0.3869999945163727,0.38850000500679016,10.96,10.19,10.6,0.0027000000700354576,0.78,BUY,90.0,39.9,0.0019,SIDEWAYS,NO,,,,,,,,,,
2025-12-25 14:36:49.843018,0.3509,0.37619999051094055,0.3684000074863434,0.3684000074863434,7.21,5.01,5.01,0.007699999958276749,2.2,BUY,85.0,39.1,0.0,DOWN,NO,,,,,,,,,,
2025-12-25 14:36:54.617813,0.3509,0.3896999955177307,0.3869999945163727,0.38839998841285706,11.08,10.3,10.71,0.0027000000700354576,0.78,BUY,90.0,39.1,0.0019,SIDEWAYS,NO,,,,,,,,,,
2025-12-25 14:49:09.909599,0.351,0.37619999051094055,0.3684999942779541,0.3684999942779541,7.18,4.99,4.99,0.007699999958276749,2.2,BUY,85.0,39.3,0.0,DOWN,NO,,,,,,,,,,
2025-12-25 14:49:14.934056,0.351,0.3896999955177307,0.3869999945163727,0.38839998841285706,11.04,10.27,10.68,0.0027000000700354576,0.78,BUY,90.0,39.3,0.0019,SIDEWAYS,NO,,,,,,,,,,
2025-12-25 14:55:46.932977,0.3515,0.3763999938964844,0.3686000108718872,0.3686000108718872,7.08,4.88,4.88,0.007699999958276749,2.2,BUY,85.0,40.5,0.0,NEUTRAL,NO,,,,,,,,,,
2025-12-25 14:55:52.108242,0.3515,0.3896999955177307,0.3869999945163727,0.38850000500679016,10.89,10.11,10.52,0.0027000000700354576,0.78,BUY,90.0,40.5,0.0019,SIDEWAYS,NO,,,,,,,,,,
2025-12-25 15:01:52.980602,0.3511,0.37619999051094055,0.3684999942779541,0.3684999942779541,7.17,4.97,4.97,0.007699999958276749,2.2,BUY,85.0,39.5,0.0,DOWN,NO,,,,,,,,,,
2025-12-25 15:01:58.001503,0.3511,0.3896999955177307,0.3869999945163727,0.38839998841285706,11.02,10.24,10.65,0.0027000000700354576,0.78,BUY,90.0,39.5,0.0019,SIDEWAYS,NO,,,,,,,,,,
2025-12-25 15:22:03.375018,0.3509,0.37549999356269836,0.3677999973297119,0.3677999973297119,7.03,4.82,4.82,0.007699999958276749,2.21,BUY,82.0,31.3,0.0,STRONG_DOWN,NO,,,,,,,,,,
2025-12-25 15:22:08.455275,0.3509,0.38929998874664307,0.38659998774528503,0.3880000114440918,10.96,10.19,10.6,0.0027000000700354576,0.78,BUY,90.0,31.3,0.0018,SIDEWAYS,NO,,,,,,,,,,
2025-12-25 15:37:47.305269,0.3535,0.3758000135421753,0.36809998750686646,0.36809998750686646,6.32,4.13,4.13,0.007699999958276749,2.19,BUY,85.0,40.3,0.0,DOWN,NO,,,,,,,,,,
2025-12-25 15:37:52.485749,0.3535,0.38940000534057617,0.38670000433921814,0.3880999982357025,10.18,9.4,9.81,0.0027000000700354576,0.77,BUY,90.0,40.3,0.0019,SIDEWAYS,NO,,,,,,,,,,
2025-12-25 15:47:58.261783,0.3546,0.3758000135421753,0.36809998750686646,0.36809998750686646,5.98,3.79,3.79,0.007699999958276749,2.18,BUY,85.0,43.8,0.0,NEUTRAL,NO,,,,,,,,,,
2025-12-25 15:48:03.416481,0.3579,0.38960000872612,0.38690000772476196,0.38830000162124634,8.87,8.11,8.51,0.0027000000700354576,0.76,BUY,90.0,51.5,0.0022,SIDEWAYS,NO,,,,,,,,,,
2025-12-25 15:54:03.878280,0.3582,0.375900000333786,0.36820000410079956,0.36820000410079956,4.94,2.78,2.78,0.007699999958276749,2.16,BUY,90.2,52.2,0.0,UP,NO,,,,,,,,,,
2025-12-25 15:54:08.928213,0.3582,0.38960000872612,0.38690000772476196,0.38830000162124634,8.77,8.01,8.41,0.0027000000700354576,0.76,BUY,90.0,52.2,0.0023,SIDEWAYS,NO,,,,,,,,,,
2025-12-25 16:00:03.415944,0.3575,0.375900000333786,0.36820000410079956,0.36820000410079956,5.14,2.98,2.98,0.007699999958276749,2.17,BUY,91.8,50.8,0.0,UP,NO,,,,,,,,,,
2025-12-25 16:00:08.491427,0.3575,0.38960000872612,0.38690000772476196,0.38830000162124634,8.98,8.21,8.62,0.0027000000700354576,0.76,BUY,90.0,50.8,0.0023,SIDEWAYS,NO,,,,,,,,,,
2025-12-25 16:22:14.210888,0.3577,0.3756999969482422,0.36800000071525574,0.36800000071525574,5.03,2.87,2.87,0.007699999958276749,2.17,BUY,90.9,44.9,0.0,UP,NO,,,,,,,,,,
2025-12-25 16:22:19.075347,0.3577,0.38989999890327454,0.3871999979019165,0.3885999917984009,9.0,8.23,8.64,0.0027000000700354576,0.76,BUY,90.0,44.9,0.0021,SIDEWAYS,NO,,,,,,,,,,
2025-12-25 16:46:35.767113,0.3571,0.3756999969482422,0.36800000071525574,0.36800000071525574,5.2,3.03,3.03,0.007699999958276749,2.17,BUY,84.3,43.5,0.0,NEUTRAL,NO,,,,,,,,,,
2025-12-25 16:46:40.870954,0.3571,0.38989999890327454,0.3871999979019165,0.3885999917984009,9.17,8.41,8.81,0.0027000000700354576,0.77,BUY,90.0,43.5,0.0022,SIDEWAYS,NO,,,,,,,,,,
2025-12-25 16:58:31.749730,0.3544,0.3756999969482422,0.367900013923645,0.367900013923645,6.0,3.81,3.81,0.007799999788403511,2.19,BUY,85.0,38.5,0.0,NEUTRAL,NO,,,,,,,,,,
2025-12-25 16:58:36.408895,0.3544,0.3898000121116638,0.3871000111103058,0.38850000500679016,9.99,9.22,9.62,0.0027000000700354576,0.77,BUY,90.0,38.5,0.0023,SIDEWAYS,NO,,,,,,,,,,
2025-12-25 17:13:41.941377,0.354,0.37549999356269836,0.3677999973297119,0.3677999973297119,6.08,3.89,3.89,0.007799999788403511,2.19,BUY,85.0,36.8,0.0,NEUTRAL,NO,,,,,,,,,,
2025-12-25 17:13:46.831507,0.354,0.38999998569488525,0.3873000144958496,0.388700008392334,10.16,9.39,9.8,0.0027000000700354576,0.77,BUY,90.0,36.8,0.0023,SIDEWAYS,NO,,,,,,,,,,
2025-12-25 17:33:52.423466,0.3534,0.37549999356269836,0.3677999973297119,0.3677999973297119,6.26,4.06,4.06,0.007799999788403511,2.19,BUY,85.0,35.9,0.0,DOWN,NO,,,,,,,,,,
2025-12-25 17:33:57.469302,0.3534,0.38999998569488525,0.3871999979019165,0.388700008392334,10.34,9.57,9.98,0.0027000000700354576,0.77,BUY,90.0,35.9,0.0023,SIDEWAYS,NO,,,,,,,,,,
2025-12-25 17:44:40.959055,0.3533,0.37549999356269836,0.3677999973297119,0.3677999973297119,6.28,4.09,4.09,0.007799999788403511,2.19,BUY,85.0,35.7,0.0,DOWN,NO,,,,,,,,,,
2025-12-25 17:44:46.494420,0.3533,0.38999998569488525,0.3871999979019165,0.388700008392334,10.37,9.59,10.0,0.0027000000700354576,0.77,BUY,90.0,35.7,0.0023,SIDEWAYS,NO,,,,,,,,,,
2025-12-25 17:50:50.797865,0.3533,0.37549999356269836,0.3677999973297119,0.3677999973297119,6.29,4.09,4.09,0.007799999788403511,2.19,BUY,85.0,35.7,0.0,DOWN,NO,,,,,,,,,,
2025-12-25 17:50:55.438083,0.3534,0.38999998569488525,0.3871999979019165,0.388700008392334,10.36,9.59,10.0,0.0027000000700354576,0.77,BUY,90.0,35.7,0.0023,SIDEWAYS,NO,,,,,,,,,,
2025-12-25 17:56:53.655957,0.3541,0.37549999356269836,0.3677999973297119,0.3677999973297119,6.04,3.86,3.86,0.007799999788403511,2.19,BUY,85.0,36.9,0.0,NEUTRAL,NO,,,,,,,,,,
2025-12-25 17:56:58.654670,0.3541,0.38999998569488525,0.3873000144958496,0.388700008392334,10.12,9.35,9.76,0.0027000000700354576,0.77,BUY,90.0,36.9,0.0023,SIDEWAYS,NO,,,,,,,,,,
2025-12-25 18:02:33.949127,0.3546,0.37560001015663147,0.3677999973297119,0.3677999973297119,5.91,3.73,3.73,0.007799999788403511,2.19,BUY,85.0,38.1,0.0,NEUTRAL,NO,,,,,,,,,,
2025-12-25 18:02:39.232095,0.3546,0.3901999890804291,0.38749998807907104,0.3889000117778778,10.04,9.27,9.68,0.0027000000700354576,0.77,BUY,90.0,37.5,0.0022,SIDEWAYS,NO,,,,,,,,,,
2025-12-25 18:32:57.549014,0.3567,0.37560001015663147,0.3677999973297119,0.3677999973297119,5.3,3.12,3.12,0.007699999958276749,2.17,BUY,93.0,42.6,0.0,UP,NO,,,,,,,,,,
2025-12-25 18:33:02.178502,0.3567,0.3903000056743622,0.38749998807907104,0.3889999985694885,9.43,8.66,9.06,0.0027000000700354576,0.77,BUY,90.0,42.6,0.0024,SIDEWAYS,NO,,,,,,,,,,
2025-12-25 18:54:02.324572,0.3577,0.37560001015663147,0.3677999973297119,0.3677999973297119,4.99,2.82,2.82,0.007699999958276749,2.17,BUY,90.6,44.9,0.0,UP,NO,,,,,,,,,,
2025-12-25 18:54:07.544081,0.3577,0.3903000056743622,0.38760000467300415,0.3889999985694885,9.11,8.35,8.75,0.0027000000700354576,0.76,BUY,90.0,44.9,0.0025,SIDEWAYS,NO,,,,,,,,,,
2025-12-25 19:02:05.438930,0.3579,0.37560001015663147,0.3677999973297119,0.3677999973297119,4.93,2.77,2.77,0.007699999958276749,2.16,BUY,90.1,45.4,0.0,UP,NO,,,,,,,,,,
2025-12-25 19:02:11.272492,0.3579,0.3903000056743622,0.38760000467300415,0.3889999985694885,9.05,8.29,8.69,0.0027000000700354576,0.76,BUY,90.0,45.4,0.0025,SIDEWAYS,NO,,,,,,,,,,
